-- MySQL dump 10.13  Distrib 5.5.62, for Win64 (AMD64)
--
-- Host: 54.180.141.143    Database: cook
-- ------------------------------------------------------
-- Server version	5.5.5-10.5.10-MariaDB-1:10.5.10+maria~bionic

/*!40101 SET @OLD_CHARACTER_SET_CLIENT=@@CHARACTER_SET_CLIENT */;
/*!40101 SET @OLD_CHARACTER_SET_RESULTS=@@CHARACTER_SET_RESULTS */;
/*!40101 SET @OLD_COLLATION_CONNECTION=@@COLLATION_CONNECTION */;
/*!40101 SET NAMES utf8 */;
/*!40103 SET @OLD_TIME_ZONE=@@TIME_ZONE */;
/*!40103 SET TIME_ZONE='+00:00' */;
/*!40014 SET @OLD_UNIQUE_CHECKS=@@UNIQUE_CHECKS, UNIQUE_CHECKS=0 */;
/*!40014 SET @OLD_FOREIGN_KEY_CHECKS=@@FOREIGN_KEY_CHECKS, FOREIGN_KEY_CHECKS=0 */;
/*!40101 SET @OLD_SQL_MODE=@@SQL_MODE, SQL_MODE='NO_AUTO_VALUE_ON_ZERO' */;
/*!40111 SET @OLD_SQL_NOTES=@@SQL_NOTES, SQL_NOTES=0 */;

--
-- Table structure for table `article`
--

DROP TABLE IF EXISTS `article`;
/*!40101 SET @saved_cs_client     = @@character_set_client */;
/*!40101 SET character_set_client = utf8 */;
CREATE TABLE `article` (
  `id` bigint(20) NOT NULL AUTO_INCREMENT,
  `content` varchar(255) NOT NULL,
  `created_at` datetime(6) DEFAULT NULL,
  `imgurl` varchar(255) NOT NULL,
  `report` int(11) NOT NULL,
  `updated_at` datetime(6) DEFAULT NULL,
  `food_id` bigint(20) DEFAULT NULL,
  `member_id` bigint(20) DEFAULT NULL,
  PRIMARY KEY (`id`),
  KEY `FKqrvvwjp99q4kjl23dvldbppui` (`food_id`),
  KEY `FK6l9vkfd5ixw8o8kph5rj1k7gu` (`member_id`),
  CONSTRAINT `FK6l9vkfd5ixw8o8kph5rj1k7gu` FOREIGN KEY (`member_id`) REFERENCES `member` (`id`),
  CONSTRAINT `FKqrvvwjp99q4kjl23dvldbppui` FOREIGN KEY (`food_id`) REFERENCES `food` (`id`)
) ENGINE=InnoDB AUTO_INCREMENT=30 DEFAULT CHARSET=utf8mb4;
/*!40101 SET character_set_client = @saved_cs_client */;

--
-- Dumping data for table `article`
--

LOCK TABLES `article` WRITE;
/*!40000 ALTER TABLE `article` DISABLE KEYS */;
INSERT INTO `article` VALUES (13,'굿','2021-08-17 12:34:31.413000','https://b206.s3.ap-northeast-2.amazonaws.com/community/tomatoes-3574427_640.jpg',0,'2021-08-17 12:34:31.413000',2,3),(14,'짱짱','2021-08-17 19:26:07.082000','https://b206.s3.ap-northeast-2.amazonaws.com/community/pizza-329523_640.jpg',0,'2021-08-17 19:26:07.082000',1,3),(15,'중냉국면','2021-08-17 19:32:29.035000','https://b206.s3.ap-northeast-2.amazonaws.com/community/persimmon-1914127_640.jpg',0,'2021-08-17 19:32:29.035000',3,3),(16,'왜섞어....?','2021-08-17 20:36:33.202000','https://b206.s3.ap-northeast-2.amazonaws.com/community/pancakes-2291908_640.jpg',0,'2021-08-17 20:36:33.202000',4,3),(17,'맛있어2 ',NULL,'https://b206.s3.ap-northeast-2.amazonaws.com/community/pasta-1583954_640.jpg',0,NULL,5,1),(18,'맛있어3 ',NULL,'https://b206.s3.ap-northeast-2.amazonaws.com/community/macarons-2548827_640.jpg',0,NULL,5,2),(19,'맛있어4 ',NULL,'https://b206.s3.ap-northeast-2.amazonaws.com/community/kimchi.jpg',0,NULL,5,3),(20,'진짜 맛있어요 이렇게 맛있다니 진짜 맛있어요 이렇게 맛있다니 진짜 맛있어요 이렇게 맛있다니 진짜 맛있어요 이렇게 맛있다니 진짜 맛있어요 이렇게 맛있다니 진짜 맛있어요 이렇게 맛있다니 진짜 맛있어요 이렇게 맛있다니 진짜 맛있어요 이렇게 맛있다니 진짜 맛있어요 이렇게 맛있다니 진짜 맛있어요 이렇게 맛있다니 ',NULL,'https://b206.s3.ap-northeast-2.amazonaws.com/community/kimchi-pizza-1346290_640.jpg',0,'2021-08-17 16:54:04.078000',6,4),(21,'맛있어1 ',NULL,'https://b206.s3.ap-northeast-2.amazonaws.com/community/japanese-meal-1604865_640.jpg',0,NULL,7,4),(22,'맛있어1 ',NULL,'https://b206.s3.ap-northeast-2.amazonaws.com/community/fruit-sarada-2148322_640.jpg',0,NULL,8,4),(23,'맛있어1 ',NULL,'https://b206.s3.ap-northeast-2.amazonaws.com/community/cake-1850011_640.jpg',0,NULL,9,4),(24,'맛있었어요!','2021-08-18 06:55:08.227000','https://b206.s3.ap-northeast-2.amazonaws.com/logo-sm.png',0,'2021-08-18 06:55:08.227000',1,4),(25,'우와아 너무 맛있었어요!!! 베이컨 듬뿍 최고 ','2021-08-18 15:19:18.975000','https://b206.s3.ap-northeast-2.amazonaws.com/P01.JPG',0,'2021-08-18 15:19:18.975000',84,4),(26,'맛있어요',NULL,'https://b206.s3.ap-northeast-2.amazonaws.com/community/breakfast-1246685_640.jpg',0,NULL,62,3),(27,'뭔진모르겠는데',NULL,'https://b206.s3.ap-northeast-2.amazonaws.com/community/bread-1836411_640.jpg',0,NULL,52,3),(28,'히히히힣',NULL,'https://b206.s3.ap-northeast-2.amazonaws.com/community/bob-694825_640.jpg',0,NULL,48,3),(29,'더미데이터',NULL,'https://b206.s3.ap-northeast-2.amazonaws.com/community/asparagus-2169305_640.jpg',0,NULL,29,3);
/*!40000 ALTER TABLE `article` ENABLE KEYS */;
UNLOCK TABLES;

--
-- Table structure for table `country`
--

DROP TABLE IF EXISTS `country`;
/*!40101 SET @saved_cs_client     = @@character_set_client */;
/*!40101 SET character_set_client = utf8 */;
CREATE TABLE `country` (
  `id` bigint(20) NOT NULL AUTO_INCREMENT,
  `name` varchar(255) NOT NULL,
  PRIMARY KEY (`id`)
) ENGINE=InnoDB AUTO_INCREMENT=8 DEFAULT CHARSET=utf8mb4;
/*!40101 SET character_set_client = @saved_cs_client */;

--
-- Dumping data for table `country`
--

LOCK TABLES `country` WRITE;
/*!40000 ALTER TABLE `country` DISABLE KEYS */;
INSERT INTO `country` VALUES (1,'한 식'),(2,'중 식'),(3,'일 식'),(4,'양 식'),(5,'동남아 요리'),(6,'스페인 요리'),(7,'퓨 전');
/*!40000 ALTER TABLE `country` ENABLE KEYS */;
UNLOCK TABLES;

--
-- Table structure for table `food`
--

DROP TABLE IF EXISTS `food`;
/*!40101 SET @saved_cs_client     = @@character_set_client */;
/*!40101 SET character_set_client = utf8 */;
CREATE TABLE `food` (
  `id` bigint(20) NOT NULL AUTO_INCREMENT,
  `imgurl` varchar(255) DEFAULT NULL,
  `name` varchar(255) NOT NULL,
  `country_id` bigint(20) DEFAULT NULL,
  `time_id` bigint(20) DEFAULT NULL,
  PRIMARY KEY (`id`),
  KEY `FKpp92xwohdb0298u7qs8boh3tk` (`country_id`),
  KEY `FKohewnfrcnnyh6eoq3q2i7x113` (`time_id`),
  CONSTRAINT `FKohewnfrcnnyh6eoq3q2i7x113` FOREIGN KEY (`time_id`) REFERENCES `time` (`id`),
  CONSTRAINT `FKpp92xwohdb0298u7qs8boh3tk` FOREIGN KEY (`country_id`) REFERENCES `country` (`id`)
) ENGINE=InnoDB AUTO_INCREMENT=85 DEFAULT CHARSET=utf8mb4;
/*!40101 SET character_set_client = @saved_cs_client */;

--
-- Dumping data for table `food`
--

LOCK TABLES `food` WRITE;
/*!40000 ALTER TABLE `food` DISABLE KEYS */;
INSERT INTO `food` VALUES (1,'https://recipe1.ezmember.co.kr/cache/recipe/2021/08/11/e7aa9979253186c2f3c513bf4d3c18be1.jpg','고구마 치즈케이크',4,2),(2,'https://recipe1.ezmember.co.kr/cache/recipe/2021/08/11/a89abefa58fb4e76d87414f05b3120f61.jpg','오징어 무국',1,2),(3,'https://recipe1.ezmember.co.kr/cache/recipe/2021/08/10/58843de29c9402bc4ea24b288bb440701.jpg','중국 냉면',2,2),(4,'https://recipe1.ezmember.co.kr/cache/recipe/2021/08/06/c3d6491d982a21999321fb6d1874e8d51.jpg','토마토 달걀 덮밥',4,2),(5,'https://recipe1.ezmember.co.kr/cache/recipe/2021/08/09/4b3d5a93801c436db5de8fb4ec9ed3fb1.jpg','민트초코 티라미수',4,2),(6,'https://recipe1.ezmember.co.kr/cache/recipe/2021/08/06/6891099040dc7dd2d875fe4633ad9ef81.jpg','등갈비 강정',1,1),(7,'https://recipe1.ezmember.co.kr/cache/recipe/2021/08/04/d7d7c27e21ac456bcbff43fca03c3c321.jpg','프로틴쉐이크',1,1),(8,'https://recipe1.ezmember.co.kr/cache/recipe/2021/08/03/65cffe7b18cc0135dba6abb25bb9ee081.png','해산물 빠네',4,2),(9,'https://recipe1.ezmember.co.kr/cache/recipe/2021/08/03/1041714506de870af87a773144e39d1e1.jpg','통소시지와 바게트의 만남, 통바게트핫도그',4,2),(10,'https://recipe1.ezmember.co.kr/cache/recipe/2021/08/03/93efe747fa66250e5ef1255f793b574d1.jpg','통삼겹조림 & 치즈고구마',4,4),(11,'https://recipe1.ezmember.co.kr/cache/recipe/2021/07/27/54c66db2811d284410136e4b3e83a5c51.jpg','생크림 카스테라',4,4),(12,'https://recipe1.ezmember.co.kr/cache/recipe/2021/08/02/b3e68a27f92a8424fa4525f84a00b6861.jpg','수박 빙수',1,2),(13,'https://recipe1.ezmember.co.kr/cache/recipe/2021/07/27/0d37adc3667d2b19a6f58346681d67281.jpg','블루베리 크림치즈파이',4,2),(14,'https://recipe1.ezmember.co.kr/cache/recipe/2021/07/30/a0e99c3b27c771ace456fbff1df0f1361.jpg','피자만두',7,2),(15,'https://recipe1.ezmember.co.kr/cache/recipe/2021/07/30/ed2cea084b31ff99457dbd9208fab4701.png','오징어 찰순대',1,2),(16,'https://recipe1.ezmember.co.kr/cache/recipe/2021/07/29/d4e12d190ca5789c0ea47edefc976b091.jpg','간편 장아찌 3종',1,2),(17,'https://recipe1.ezmember.co.kr/cache/recipe/2021/07/29/491b2726ae2f5004e3269ead4f21672a1.jpg','치즈 순대',7,2),(18,'https://recipe1.ezmember.co.kr/cache/recipe/2021/07/26/2ad32cec32837cdb88a9762840ef426c1.jpg','올드패션 도넛',4,4),(19,'https://recipe1.ezmember.co.kr/cache/recipe/2021/07/28/6e7a85cc45e19ae57ce70e76470690031.jpg','비프 퀘사디아',6,2),(20,'https://recipe1.ezmember.co.kr/cache/recipe/2021/07/28/05eac0e785dd8cf575f57d13dd6c1a051.jpg','버터 통닭',7,4),(21,'https://recipe1.ezmember.co.kr/cache/recipe/2021/07/28/b71b2f85ac795b54d5b115684d617c051.jpg','마늘간장 스테이크',7,2),(22,'https://recipe1.ezmember.co.kr/cache/recipe/2021/07/27/126309723e1b5c4a8e1ff641c656d50c1.png','불닭발면 & 콘치즈주먹밥',7,1),(23,'https://recipe1.ezmember.co.kr/cache/recipe/2021/07/26/b67e875c98327f991298877761aa8f421.jpg','감자사과주스 & 감자전',1,2),(24,'https://recipe1.ezmember.co.kr/cache/recipe/2021/07/23/b653586725ded7fe9ebc8ee7de2ccf081.jpg','연유미숫가루 라떼 & 쉐이크 ',1,2),(25,'https://recipe1.ezmember.co.kr/cache/recipe/2021/07/23/0737680639ccc118f4714970f5148a011.jpg','닭가슴살 시금치 스테이크',7,2),(26,'https://recipe1.ezmember.co.kr/cache/recipe/2021/07/20/e36a6c73e0f4fbb61ea613f4ce4cdc341.jpg','컵 닭강정',1,2),(27,'https://recipe1.ezmember.co.kr/cache/recipe/2021/07/20/15f5e35f2b11673bd9614e9aa44cf6a21.png','초코식빵 튀김',4,2),(28,'https://recipe1.ezmember.co.kr/cache/recipe/2021/07/20/49c2e6cfc1f25042cd12c3a7d456810c1.jpg','새우유부 밥',2,2),(29,'https://recipe1.ezmember.co.kr/cache/recipe/2021/07/21/0d5116fe17f08d84ecb9d7c93c5327e11.jpg','레몬딜버터',4,2),(30,'https://recipe1.ezmember.co.kr/cache/recipe/2021/07/20/e35b38cdaec6a08f329729177ac624de1.jpg','새우튀김샌드위치',2,2),(31,'https://recipe1.ezmember.co.kr/cache/recipe/2021/07/20/92de9ea2a264fc861b1d9e7abcef43801.jpg','인절미콩과자 & 약콩볶음',1,2),(32,'https://recipe1.ezmember.co.kr/cache/recipe/2021/07/20/c1abc99e01ad178f46b51e628db5439e1.jpg','마시멜로우쿠키 & 스모어쿠키',4,4),(33,'https://recipe1.ezmember.co.kr/cache/recipe/2021/07/20/935fbe15661bc31c2bf652e2e824bbab1.jpg','복분자셔벗 & 자두셔벗',4,4),(34,'https://recipe1.ezmember.co.kr/cache/recipe/2021/07/20/73238fb0dbb3e4ae959b536ad049a0cf1.png','대파롤',1,2),(35,'https://recipe1.ezmember.co.kr/cache/recipe/2021/07/19/4fc0b817d4bc52d04ff2b24c1c74e4391.jpg','병아리콩 과자',1,4),(36,'https://recipe1.ezmember.co.kr/cache/recipe/2021/07/19/f97ae05b916025d322950e3c1fb7bb641.jpg','여름냉잡채',1,2),(37,'https://recipe1.ezmember.co.kr/cache/recipe/2021/07/19/211643d2ef4f57e67e234adfd15fc8541.jpg','우유후추면',7,2),(38,'https://recipe1.ezmember.co.kr/cache/recipe/2021/07/15/91e214c65e55dfa1dfbbed794a7dbfbb1.jpg','소시지파피요트',4,4),(39,'https://recipe1.ezmember.co.kr/cache/recipe/2021/07/16/1673cd025ce86798c3fd95fcfdb9ecd31.jpg','채소완자구이',1,2),(40,'https://recipe1.ezmember.co.kr/cache/recipe/2021/07/15/5220372aff1442944aacd8521bf409db1.jpg','잣국수',1,2),(41,'https://recipe1.ezmember.co.kr/cache/recipe/2021/07/09/cdf41877d71ad9c506c644abfb8478231.jpg','체리콕빙수',7,1),(42,'https://recipe1.ezmember.co.kr/cache/recipe/2021/07/09/15b6ae799ff40c6a7e0fdb3eda913eb01.jpg','아스파라거스 요리',4,2),(43,'https://recipe1.ezmember.co.kr/cache/recipe/2021/07/09/70ee84078de2ddc0114ed2fd33d318fd1.jpg','닭곰탕 & 닭무침',1,4),(44,'https://recipe1.ezmember.co.kr/cache/recipe/2021/07/09/9ef867eab0de78c1260b72aeec7da73a1.jpg','블루베리요거트 푸딩',4,2),(45,'https://recipe1.ezmember.co.kr/cache/recipe/2021/07/09/fdab54cdd59773f724961f84a9ffc81e1.jpg','나폴리탄파스타',4,2),(46,'https://recipe1.ezmember.co.kr/cache/recipe/2021/07/06/507efd80814548c02c66bfc2a977f24d1.jpg','초계 김밥',1,2),(47,'https://recipe1.ezmember.co.kr/cache/recipe/2021/07/08/87c412e93ce37ae6f984a8ca5ea8b99a1.jpg','토마토미역무침',7,2),(48,'https://recipe1.ezmember.co.kr/cache/recipe/2021/07/06/2e412147abed4245550f6f2a76d1ca251.jpg','간단 빵',4,2),(49,'https://recipe1.ezmember.co.kr/cache/recipe/2021/07/07/41c76eecad5a5bfdc3b73aa23f0d5caf1.jpg','몽쉘 브라우니',4,2),(50,'https://recipe1.ezmember.co.kr/cache/recipe/2021/07/06/11e190d060c7e52def1a1ef9f8e4ae4b1.jpg','카레리조또',5,2),(51,'https://recipe1.ezmember.co.kr/cache/recipe/2021/07/06/38e6034b2f6a6d42ae9af355838050731.jpg','단짠감자떡',1,2),(52,'https://recipe1.ezmember.co.kr/cache/recipe/2021/07/06/04312050aef089d252897f65d54a17d71.jpg','치즈간장찜닭',1,4),(53,'https://recipe1.ezmember.co.kr/cache/recipe/2021/07/06/69643d2c4ce995d5fb5ad7d0c4610e7e1.jpg','카페모카쿠키슈',4,4),(54,'https://recipe1.ezmember.co.kr/cache/recipe/2021/07/05/203153445a748df4020a175dac0d8a801.jpg','미나리롤가스 & 봄동코울슬로',4,2),(55,'https://recipe1.ezmember.co.kr/cache/recipe/2021/07/05/ffea0168f70a9f26331545f5ee2a1a8b1.jpg','현미샐러드',7,2),(56,'https://recipe1.ezmember.co.kr/cache/recipe/2021/07/02/aaac7037d1d9b7787b922dff52e534a41.jpg','오트밀팬케이크',4,2),(57,'https://recipe1.ezmember.co.kr/cache/recipe/2021/07/02/407786fe3eaa36918161375f8a8a301f1.jpg','된장가지구이',1,2),(58,'https://recipe1.ezmember.co.kr/cache/recipe/2021/07/02/5b891cb1178c9530f2a48239a248d91b1.jpg','레몬딜버터 생선구이',4,4),(59,'https://recipe1.ezmember.co.kr/cache/recipe/2021/07/01/c94a6843e4e3211603eac033532613131.jpg','다시마 쌈장',1,2),(60,'https://recipe1.ezmember.co.kr/cache/recipe/2021/06/29/0dda5db189d71c54bff20faff9a58bbb1.jpg','패션후르츠 머랭케이크',4,4),(61,'https://recipe1.ezmember.co.kr/cache/recipe/2021/07/02/ed5d72408d0263bde30f5f11754991f11.jpg','콘치즈토스트',4,2),(62,'https://recipe1.ezmember.co.kr/cache/recipe/2021/07/01/13a2954ff346152c94103c517306672d1.jpg','가자미튀김',5,2),(63,'https://recipe1.ezmember.co.kr/cache/recipe/2021/07/02/efc9c6906496aede25bb2aca437937151.jpg','명란우유달걀찜',1,2),(64,'https://recipe1.ezmember.co.kr/cache/recipe/2021/06/29/9fae10ca72b3f932bb99ea946b7823e71.jpg','감드위치 & 포테딕트',4,4),(65,'https://recipe1.ezmember.co.kr/cache/recipe/2021/07/01/221bab795c5791200b0d36c27d94b5ea1.jpg','감자달걀전',1,2),(66,'https://recipe1.ezmember.co.kr/cache/recipe/2021/07/01/cf7a7375e532a82a8fe85e752c2fc5d61.jpg','양념광어구이',1,2),(67,'https://recipe1.ezmember.co.kr/cache/recipe/2021/06/29/95be0bc3d255296a1f0addf7c48592b61.jpg','토마토소바',3,2),(68,'https://recipe1.ezmember.co.kr/cache/recipe/2021/06/24/9a73f70b878e16cf8788d4ac84dd55041.jpg','썸머냉스프',4,2),(69,'https://recipe1.ezmember.co.kr/cache/recipe/2021/06/30/bde825b00c6b4e8334ddf4c4b0b5e0711.jpg','까르보마라불족발',7,2),(70,'https://recipe1.ezmember.co.kr/cache/recipe/2021/06/29/827b4ad9d274145b980d18dfda9a29401.jpg','대파김치',1,2),(71,'https://recipe1.ezmember.co.kr/cache/recipe/2021/06/29/bcb6d4637b5e3710e9522bf1679233e61.jpg','새우카포나타',4,2),(72,'https://recipe1.ezmember.co.kr/cache/recipe/2021/06/29/dfb92acff975426861963aa8955d15371.jpg','카스테라푸딩',4,4),(73,'https://recipe1.ezmember.co.kr/cache/recipe/2021/06/28/37cac4d9074c5584cb970751c4642ed01.jpg','파절이부침개',1,2),(74,'https://recipe1.ezmember.co.kr/cache/recipe/2021/06/28/27944d464e031166586d0418029828381.jpg','치킨밥 샌드위치',7,2),(75,'https://recipe1.ezmember.co.kr/cache/recipe/2021/06/28/0a62e1bf493aba3e18da14519969c7f01.jpg','연유프렌치토스트',4,2),(76,'https://recipe1.ezmember.co.kr/cache/recipe/2021/06/28/a99bf02de63a5c568cbbd6af0a87c4431.jpg','ABC주스 & KTC주스',7,1),(77,'https://recipe1.ezmember.co.kr/cache/recipe/2021/06/24/de7640162fe4275a55b60943ec8d14721.jpg','말차크림 치즈쿠키',3,4),(78,'https://recipe1.ezmember.co.kr/cache/recipe/2021/06/25/26d177bfb70a1ff6e972f86e3b7389aa1.jpg','트리플 민트초코케이크',4,4),(79,'https://recipe1.ezmember.co.kr/cache/recipe/2021/06/23/53ba0e40ea63d92bea0b0401ef2f15cd1.png','크리스피 통삼겹',4,2),(80,'https://recipe1.ezmember.co.kr/cache/recipe/2021/06/24/f75f11cf31ab1b19128009d02caba2331.jpg','옥수수 해시브라운',7,2),(81,'https://b206.s3.ap-northeast-2.amazonaws.com/videos/recipe+2+thumbnail.png','비빔소면',1,1),(82,'https://b206.s3.ap-northeast-2.amazonaws.com/videos/recipe+3+thumbnail+2.jpeg','베이글 샌드위치',4,1),(83,'https://b206.s3.ap-northeast-2.amazonaws.com/videos/recipe+4+thumbnail.jpeg','한방백숙',1,4),(84,'https://s3.ap-northeast-2.amazonaws.com/ssafy.b206.cook/P01.JPG','알리오올리오 파스타',4,2);
/*!40000 ALTER TABLE `food` ENABLE KEYS */;
UNLOCK TABLES;

--
-- Table structure for table `food_ingredient`
--

DROP TABLE IF EXISTS `food_ingredient`;
/*!40101 SET @saved_cs_client     = @@character_set_client */;
/*!40101 SET character_set_client = utf8 */;
CREATE TABLE `food_ingredient` (
  `id` bigint(20) NOT NULL AUTO_INCREMENT,
  `is_main` bit(1) NOT NULL,
  `food_id` bigint(20) DEFAULT NULL,
  `ingredient_id` bigint(20) DEFAULT NULL,
  PRIMARY KEY (`id`),
  KEY `FKow2gcao53sewsfqmadv5kcfwg` (`food_id`),
  KEY `FK356x2sy85kq3dmh7ms9p0lcnj` (`ingredient_id`),
  CONSTRAINT `FK356x2sy85kq3dmh7ms9p0lcnj` FOREIGN KEY (`ingredient_id`) REFERENCES `ingredient` (`id`),
  CONSTRAINT `FKow2gcao53sewsfqmadv5kcfwg` FOREIGN KEY (`food_id`) REFERENCES `food` (`id`)
) ENGINE=InnoDB AUTO_INCREMENT=882 DEFAULT CHARSET=utf8mb4;
/*!40101 SET character_set_client = @saved_cs_client */;

--
-- Dumping data for table `food_ingredient`
--

LOCK TABLES `food_ingredient` WRITE;
/*!40000 ALTER TABLE `food_ingredient` DISABLE KEYS */;
INSERT INTO `food_ingredient` VALUES (1,'',1,1),(2,'',1,2),(3,'',1,3),(4,'\0',1,4),(5,'\0',1,5),(6,'\0',1,6),(7,'\0',1,7),(8,'\0',1,8),(9,'\0',1,9),(10,'\0',1,10),(11,'',2,11),(12,'',2,12),(13,'',2,13),(14,'\0',2,14),(15,'\0',2,15),(16,'\0',2,16),(17,'\0',2,17),(18,'',2,18),(19,'',2,19),(20,'',2,20),(21,'\0',2,21),(22,'\0',2,22),(23,'',3,23),(24,'',3,24),(25,'',3,25),(26,'\0',3,26),(27,'\0',3,27),(28,'\0',3,28),(29,'\0',3,29),(30,'',3,30),(31,'',3,31),(32,'',3,32),(33,'',3,33),(34,'',3,34),(35,'',4,35),(36,'',4,36),(37,'',4,37),(38,'\0',4,38),(39,'\0',4,39),(40,'\0',4,40),(41,'\0',4,41),(42,'\0',4,42),(43,'\0',4,43),(44,'\0',4,44),(45,'\0',4,45),(46,'',5,46),(47,'',5,47),(48,'',5,48),(49,'\0',5,49),(50,'\0',5,50),(51,'\0',5,51),(52,'\0',5,52),(53,'\0',5,53),(54,'\0',5,54),(55,'\0',5,55),(56,'',6,56),(57,'',6,57),(58,'',6,58),(59,'',6,59),(60,'',6,60),(61,'',6,61),(62,'\0',6,62),(63,'\0',6,63),(64,'\0',6,64),(65,'\0',6,65),(66,'',6,66),(67,'',6,67),(68,'',6,68),(69,'\0',6,69),(70,'\0',6,70),(71,'\0',6,71),(72,'\0',6,72),(73,'\0',6,73),(74,'\0',6,74),(75,'\0',6,75),(76,'\0',6,76),(77,'',7,77),(78,'',7,78),(79,'',7,79),(80,'\0',7,80),(81,'\0',7,81),(82,'',8,82),(83,'',8,83),(84,'',8,84),(85,'\0',8,85),(86,'\0',8,86),(87,'\0',8,87),(88,'\0',8,88),(89,'\0',8,89),(90,'',8,90),(91,'',8,91),(92,'',8,92),(93,'\0',8,93),(94,'',8,94),(95,'',9,95),(96,'',9,96),(97,'',9,97),(98,'\0',9,98),(99,'\0',9,99),(100,'\0',9,100),(101,'\0',9,101),(102,'\0',9,102),(103,'\0',9,103),(104,'\0',9,104),(105,'\0',9,105),(106,'',9,106),(107,'',9,107),(108,'',9,108),(109,'',10,109),(110,'',10,110),(111,'',10,111),(112,'\0',10,112),(113,'\0',10,113),(114,'',10,114),(115,'',10,115),(116,'',10,116),(117,'\0',10,117),(118,'',10,118),(119,'',10,119),(120,'',10,120),(121,'\0',10,121),(122,'\0',10,122),(123,'\0',10,123),(124,'\0',10,124),(125,'\0',10,125),(126,'',11,126),(127,'',11,127),(128,'',11,128),(129,'\0',11,129),(130,'\0',11,130),(131,'\0',11,131),(132,'\0',11,132),(133,'\0',11,133),(134,'\0',11,134),(135,'\0',11,135),(136,'\0',11,136),(137,'\0',11,137),(138,'',11,138),(139,'',11,139),(140,'',11,140),(141,'',12,141),(142,'',12,142),(143,'',12,143),(144,'\0',12,144),(145,'\0',12,145),(146,'\0',12,146),(147,'',13,147),(148,'',13,148),(149,'',13,149),(150,'\0',13,150),(151,'\0',13,151),(152,'\0',13,152),(153,'\0',13,153),(154,'\0',13,154),(155,'',14,155),(156,'',14,156),(157,'',14,157),(158,'\0',14,158),(159,'\0',14,159),(160,'\0',14,160),(161,'\0',14,161),(162,'\0',14,162),(163,'\0',14,163),(164,'\0',14,164),(165,'\0',14,165),(166,'\0',14,166),(167,'',15,167),(168,'',15,168),(169,'',15,169),(170,'',15,170),(171,'',15,171),(172,'',15,172),(173,'\0',15,173),(174,'\0',15,174),(175,'\0',15,175),(176,'\0',15,176),(177,'',16,177),(178,'',16,178),(179,'',16,179),(180,'',16,180),(181,'',16,181),(182,'',16,182),(183,'\0',16,183),(184,'',16,184),(185,'',16,185),(186,'',16,186),(187,'\0',16,187),(188,'',17,188),(189,'',17,189),(190,'',17,190),(191,'\0',17,191),(192,'\0',17,192),(193,'\0',17,193),(194,'\0',17,194),(195,'\0',17,195),(196,'\0',17,196),(197,'',18,197),(198,'',18,198),(199,'',18,199),(200,'\0',18,200),(201,'\0',18,201),(202,'\0',18,202),(203,'\0',18,203),(204,'\0',18,204),(205,'',18,205),(206,'',18,206),(207,'',19,207),(208,'',19,208),(209,'',19,209),(210,'\0',19,210),(211,'\0',19,211),(212,'\0',19,212),(213,'\0',19,213),(214,'\0',19,214),(215,'\0',19,215),(216,'\0',19,216),(217,'',20,217),(218,'',20,218),(219,'',20,219),(220,'\0',20,220),(221,'\0',20,221),(222,'\0',20,222),(223,'\0',20,223),(224,'\0',20,224),(225,'\0',20,225),(226,'\0',20,226),(227,'',21,227),(228,'',21,228),(229,'',21,229),(230,'\0',21,230),(231,'\0',21,231),(232,'\0',21,232),(233,'\0',21,233),(234,'',21,234),(235,'',21,235),(236,'',21,236),(237,'\0',21,237),(238,'',22,238),(239,'',22,239),(240,'',22,240),(241,'',22,241),(242,'',22,242),(243,'\0',22,243),(244,'',23,244),(245,'',23,245),(246,'',23,246),(247,'',23,247),(248,'',23,248),(249,'',23,249),(250,'\0',23,250),(251,'\0',23,251),(252,'\0',23,252),(253,'\0',23,253),(254,'',24,254),(255,'',24,255),(256,'',24,256),(257,'\0',24,257),(258,'',24,258),(259,'',24,259),(260,'',24,260),(261,'\0',24,261),(262,'\0',24,262),(263,'\0',24,263),(264,'',25,264),(265,'',25,265),(266,'',25,266),(267,'\0',25,267),(268,'\0',25,268),(269,'\0',25,269),(270,'\0',25,270),(271,'\0',25,271),(272,'',26,272),(273,'',26,273),(274,'',26,274),(275,'\0',26,275),(276,'\0',26,276),(277,'\0',26,277),(278,'\0',26,278),(279,'',26,279),(280,'',26,280),(281,'',26,281),(282,'',26,282),(283,'',26,283),(284,'\0',26,284),(285,'\0',26,285),(286,'',27,286),(287,'',27,287),(288,'',27,288),(289,'\0',27,289),(290,'\0',27,290),(291,'',28,291),(292,'',28,292),(293,'',28,293),(294,'\0',28,294),(295,'\0',28,295),(296,'\0',28,296),(297,'\0',28,297),(298,'\0',28,298),(299,'\0',28,299),(300,'\0',28,300),(301,'',28,301),(302,'',28,302),(303,'',28,303),(304,'\0',28,304),(305,'',29,305),(306,'',29,306),(307,'',29,307),(308,'',30,308),(309,'',30,309),(310,'',30,310),(311,'\0',30,311),(312,'',30,312),(313,'',30,313),(314,'',30,314),(315,'\0',30,315),(316,'\0',30,316),(317,'\0',30,317),(318,'\0',30,318),(319,'',31,319),(320,'',31,320),(321,'',31,321),(322,'\0',31,322),(323,'\0',31,323),(324,'',32,324),(325,'',32,325),(326,'',32,326),(327,'\0',32,327),(328,'\0',32,328),(329,'\0',32,329),(330,'\0',32,330),(331,'\0',32,331),(332,'\0',32,332),(333,'',32,333),(334,'',32,334),(335,'',32,335),(336,'\0',32,336),(337,'',33,337),(338,'',33,338),(339,'',33,339),(340,'\0',33,340),(341,'',33,341),(342,'',33,342),(343,'',33,343),(344,'\0',33,344),(345,'',34,345),(346,'',34,346),(347,'',34,347),(348,'\0',34,348),(349,'\0',34,349),(350,'\0',34,350),(351,'\0',34,351),(352,'\0',34,352),(353,'\0',34,353),(354,'\0',34,354),(355,'\0',34,355),(356,'',35,356),(357,'',35,357),(358,'',35,358),(359,'\0',35,359),(360,'',36,360),(361,'',36,361),(362,'',36,362),(363,'\0',36,363),(364,'\0',36,364),(365,'\0',36,365),(366,'\0',36,366),(367,'\0',36,367),(368,'\0',36,368),(369,'\0',36,369),(370,'',36,370),(371,'',36,371),(372,'',36,372),(373,'\0',36,373),(374,'\0',36,374),(375,'\0',36,375),(376,'\0',36,376),(377,'',37,377),(378,'',37,378),(379,'',37,379),(380,'\0',37,380),(381,'\0',37,381),(382,'\0',37,382),(383,'\0',37,383),(384,'\0',37,384),(385,'\0',37,385),(386,'\0',37,386),(387,'\0',37,387),(388,'\0',37,388),(389,'\0',37,389),(390,'',38,390),(391,'',38,391),(392,'',38,392),(393,'\0',38,393),(394,'\0',38,394),(395,'\0',38,395),(396,'\0',38,396),(397,'\0',38,397),(398,'',39,398),(399,'',39,399),(400,'',39,400),(401,'\0',39,401),(402,'\0',39,402),(403,'',39,403),(404,'',39,404),(405,'',39,405),(406,'\0',39,406),(407,'\0',39,407),(408,'\0',39,408),(409,'\0',39,409),(410,'',39,410),(411,'',39,411),(412,'',39,412),(413,'\0',39,413),(414,'\0',39,414),(415,'\0',39,415),(416,'',40,416),(417,'',40,417),(418,'',40,418),(419,'\0',40,419),(420,'\0',40,420),(421,'',41,421),(422,'',41,422),(423,'',41,423),(424,'',41,424),(425,'',41,425),(426,'',41,426),(427,'',42,427),(428,'',42,428),(429,'',42,429),(430,'\0',42,430),(431,'\0',42,431),(432,'\0',42,432),(433,'',42,433),(434,'',42,434),(435,'',42,435),(436,'\0',42,436),(437,'\0',42,437),(438,'\0',42,438),(439,'',43,439),(440,'',43,440),(441,'',43,441),(442,'\0',43,442),(443,'\0',43,443),(444,'\0',43,444),(445,'',43,445),(446,'',43,446),(447,'',43,447),(448,'\0',43,448),(449,'\0',43,449),(450,'\0',43,450),(451,'\0',43,451),(452,'\0',43,452),(453,'\0',43,453),(454,'',44,454),(455,'',44,455),(456,'',44,456),(457,'\0',44,457),(458,'\0',44,458),(459,'',44,459),(460,'',44,460),(461,'',45,461),(462,'',45,462),(463,'',45,463),(464,'\0',45,464),(465,'\0',45,465),(466,'\0',45,466),(467,'\0',45,467),(468,'\0',45,468),(469,'\0',45,469),(470,'\0',45,470),(471,'',45,471),(472,'',45,472),(473,'',46,473),(474,'',46,474),(475,'',46,475),(476,'\0',46,476),(477,'\0',46,477),(478,'\0',46,478),(479,'\0',46,479),(480,'',46,480),(481,'',46,481),(482,'',46,482),(483,'\0',46,483),(484,'',46,484),(485,'',46,485),(486,'',46,486),(487,'',47,487),(488,'',47,488),(489,'',47,489),(490,'\0',47,490),(491,'',47,491),(492,'',47,492),(493,'',47,493),(494,'\0',47,494),(495,'\0',47,495),(496,'\0',47,496),(497,'',48,497),(498,'',48,498),(499,'',48,499),(500,'',49,500),(501,'',49,501),(502,'',49,502),(503,'\0',49,503),(504,'\0',49,504),(505,'\0',49,505),(506,'',50,506),(507,'',50,507),(508,'',50,508),(509,'\0',50,509),(510,'\0',50,510),(511,'\0',50,511),(512,'\0',50,512),(513,'\0',50,513),(514,'\0',50,514),(515,'\0',50,515),(516,'',51,516),(517,'',51,517),(518,'',51,518),(519,'\0',51,519),(520,'\0',51,520),(521,'\0',51,521),(522,'\0',51,522),(523,'\0',51,523),(524,'\0',51,524),(525,'',51,525),(526,'',52,526),(527,'',52,527),(528,'',52,528),(529,'\0',52,529),(530,'\0',52,530),(531,'\0',52,531),(532,'\0',52,532),(533,'\0',52,533),(534,'\0',52,534),(535,'\0',52,535),(536,'',52,536),(537,'',52,537),(538,'',52,538),(539,'',52,539),(540,'',52,540),(541,'',52,541),(542,'\0',52,542),(543,'\0',52,543),(544,'\0',52,544),(545,'\0',52,545),(546,'',53,546),(547,'',53,547),(548,'',53,548),(549,'\0',53,549),(550,'\0',53,550),(551,'\0',53,551),(552,'',53,552),(553,'',53,553),(554,'',53,554),(555,'\0',53,555),(556,'',53,556),(557,'',53,557),(558,'',53,558),(559,'\0',53,559),(560,'',54,560),(561,'',54,561),(562,'',54,562),(563,'\0',54,563),(564,'\0',54,564),(565,'\0',54,565),(566,'\0',54,566),(567,'\0',54,567),(568,'\0',54,568),(569,'',54,569),(570,'',54,570),(571,'',54,571),(572,'\0',54,572),(573,'\0',54,573),(574,'\0',54,574),(575,'\0',54,575),(576,'\0',54,576),(577,'',55,577),(578,'',55,578),(579,'',55,579),(580,'',55,580),(581,'',55,581),(582,'',55,582),(583,'\0',55,583),(584,'\0',55,584),(585,'\0',55,585),(586,'\0',55,586),(587,'',56,587),(588,'',56,588),(589,'',56,589),(590,'\0',56,590),(591,'\0',56,591),(592,'\0',56,592),(593,'\0',56,593),(594,'\0',56,594),(595,'',57,595),(596,'',57,596),(597,'',57,597),(598,'',57,598),(599,'',57,599),(600,'',57,600),(601,'\0',57,601),(602,'\0',57,602),(603,'',58,603),(604,'',58,604),(605,'',58,605),(606,'\0',58,606),(607,'\0',58,607),(608,'\0',58,608),(609,'\0',58,609),(610,'',58,610),(611,'',58,611),(612,'',58,612),(613,'\0',58,613),(614,'',58,614),(615,'',58,615),(616,'',58,616),(617,'\0',58,617),(618,'\0',58,618),(619,'',59,619),(620,'',59,620),(621,'',59,621),(622,'\0',59,622),(623,'\0',59,623),(624,'\0',59,624),(625,'\0',59,625),(626,'\0',59,626),(627,'\0',59,627),(628,'\0',59,628),(629,'\0',59,629),(630,'\0',59,630),(631,'',60,631),(632,'',60,632),(633,'',60,633),(634,'',60,634),(635,'',60,635),(636,'',60,636),(637,'',60,637),(638,'',60,638),(639,'\0',60,639),(640,'',61,640),(641,'',61,641),(642,'',61,642),(643,'\0',61,643),(644,'\0',61,644),(645,'\0',61,645),(646,'\0',61,646),(647,'\0',61,647),(648,'\0',61,648),(649,'\0',61,649),(650,'\0',61,650),(651,'',62,651),(652,'',62,652),(653,'',62,653),(654,'\0',62,654),(655,'\0',62,655),(656,'\0',62,656),(657,'',62,657),(658,'',62,658),(659,'',62,659),(660,'\0',62,660),(661,'\0',62,661),(662,'\0',62,662),(663,'',63,663),(664,'',63,664),(665,'',63,665),(666,'\0',63,666),(667,'\0',63,667),(668,'\0',63,668),(669,'\0',63,669),(670,'',64,670),(671,'',64,671),(672,'',64,672),(673,'\0',64,673),(674,'',64,674),(675,'',64,675),(676,'',64,676),(677,'\0',64,677),(678,'',64,678),(679,'',64,679),(680,'',64,680),(681,'\0',64,681),(682,'\0',64,682),(683,'\0',64,683),(684,'',64,684),(685,'',64,685),(686,'',64,686),(687,'\0',64,687),(688,'\0',64,688),(689,'',65,689),(690,'',65,690),(691,'',65,691),(692,'\0',65,692),(693,'\0',65,693),(694,'\0',65,694),(695,'\0',65,695),(696,'\0',65,696),(697,'\0',65,697),(698,'',66,698),(699,'',66,699),(700,'',66,700),(701,'\0',66,701),(702,'\0',66,702),(703,'\0',66,703),(704,'\0',66,704),(705,'\0',66,705),(706,'\0',66,706),(707,'\0',66,707),(708,'\0',66,708),(709,'\0',66,709),(710,'\0',66,710),(711,'',67,711),(712,'',67,712),(713,'',67,713),(714,'\0',67,714),(715,'\0',67,715),(716,'',67,716),(717,'',67,717),(718,'',67,718),(719,'\0',67,719),(720,'\0',67,720),(721,'',68,721),(722,'',68,722),(723,'',68,723),(724,'\0',68,724),(725,'\0',68,725),(726,'\0',68,726),(727,'\0',68,727),(728,'\0',68,728),(729,'\0',68,729),(730,'',68,730),(731,'',69,731),(732,'',69,732),(733,'',69,733),(734,'\0',69,734),(735,'\0',69,735),(736,'\0',69,736),(737,'\0',69,737),(738,'\0',69,738),(739,'\0',69,739),(740,'\0',69,740),(741,'\0',69,741),(742,'\0',69,742),(743,'',70,743),(744,'',70,744),(745,'',70,745),(746,'',70,746),(747,'',70,747),(748,'',70,748),(749,'\0',70,749),(750,'\0',70,750),(751,'',71,751),(752,'',71,752),(753,'',71,753),(754,'\0',71,754),(755,'\0',71,755),(756,'\0',71,756),(757,'\0',71,757),(758,'\0',71,758),(759,'\0',71,759),(760,'\0',71,760),(761,'\0',71,761),(762,'\0',71,762),(763,'\0',71,763),(764,'\0',71,764),(765,'\0',71,765),(766,'',72,766),(767,'',72,767),(768,'',72,768),(769,'',72,769),(770,'',72,770),(771,'',72,771),(772,'\0',72,772),(773,'\0',72,773),(774,'\0',72,774),(775,'',72,775),(776,'',72,776),(777,'',72,777),(778,'\0',72,778),(779,'',73,779),(780,'',73,780),(781,'',73,781),(782,'\0',73,782),(783,'\0',73,783),(784,'\0',73,784),(785,'\0',73,785),(786,'\0',73,786),(787,'\0',73,787),(788,'\0',73,788),(789,'\0',73,789),(790,'',74,790),(791,'',74,791),(792,'',74,792),(793,'\0',74,793),(794,'\0',74,794),(795,'\0',74,795),(796,'\0',74,796),(797,'',74,797),(798,'',74,798),(799,'',74,799),(800,'',75,800),(801,'',75,801),(802,'',75,802),(803,'\0',75,803),(804,'\0',75,804),(805,'\0',75,805),(806,'\0',75,806),(807,'\0',75,807),(808,'\0',75,808),(809,'\0',75,809),(810,'',76,810),(811,'',76,811),(812,'',76,812),(813,'\0',76,813),(814,'',76,814),(815,'',76,815),(816,'',76,816),(817,'\0',76,817),(818,'',77,818),(819,'',77,819),(820,'',77,820),(821,'\0',77,821),(822,'\0',77,822),(823,'\0',77,823),(824,'\0',77,824),(825,'\0',77,825),(826,'\0',77,826),(827,'\0',77,827),(828,'\0',77,828),(829,'\0',77,829),(830,'',78,830),(831,'',78,831),(832,'',78,832),(833,'\0',78,833),(834,'\0',78,834),(835,'\0',78,835),(836,'',78,836),(837,'',78,837),(838,'',78,838),(839,'',78,839),(840,'',78,840),(841,'',78,841),(842,'\0',78,842),(843,'',78,843),(844,'',78,844),(845,'',78,845),(846,'\0',78,846),(847,'',78,847),(848,'',78,848),(849,'',78,849),(850,'',79,850),(851,'',79,851),(852,'',79,852),(853,'\0',79,853),(854,'',80,854),(855,'',80,855),(856,'',80,856),(857,'',80,857),(858,'',80,858),(859,'',80,859),(860,'',81,860),(861,'',81,861),(862,'',81,862),(863,'\0',81,863),(864,'',83,864),(865,'',83,865),(866,'',83,866),(867,'',83,867),(868,'',83,868),(869,'',82,869),(870,'',82,870),(871,'',82,871),(872,'\0',82,872),(873,'\0',82,873),(874,'\0',82,874),(875,'',84,875),(876,'',84,877),(877,'',84,881),(878,'\0',84,876),(879,'\0',84,878),(880,'\0',84,879),(881,'\0',84,880);
/*!40000 ALTER TABLE `food_ingredient` ENABLE KEYS */;
UNLOCK TABLES;

--
-- Table structure for table `food_member`
--

DROP TABLE IF EXISTS `food_member`;
/*!40101 SET @saved_cs_client     = @@character_set_client */;
/*!40101 SET character_set_client = utf8 */;
CREATE TABLE `food_member` (
  `id` bigint(20) NOT NULL AUTO_INCREMENT,
  `is_clip` bit(1) NOT NULL,
  `food_id` bigint(20) DEFAULT NULL,
  `member_id` bigint(20) DEFAULT NULL,
  PRIMARY KEY (`id`),
  KEY `FKfr75q7ipv1xduiwqxc3nf6i1o` (`food_id`),
  KEY `FK4oqy9tmfs3i62a3ltvparu3mw` (`member_id`),
  CONSTRAINT `FK4oqy9tmfs3i62a3ltvparu3mw` FOREIGN KEY (`member_id`) REFERENCES `member` (`id`),
  CONSTRAINT `FKfr75q7ipv1xduiwqxc3nf6i1o` FOREIGN KEY (`food_id`) REFERENCES `food` (`id`)
) ENGINE=InnoDB AUTO_INCREMENT=7 DEFAULT CHARSET=utf8mb4;
/*!40101 SET character_set_client = @saved_cs_client */;

--
-- Dumping data for table `food_member`
--

LOCK TABLES `food_member` WRITE;
/*!40000 ALTER TABLE `food_member` DISABLE KEYS */;
INSERT INTO `food_member` VALUES (1,'',1,3),(2,'\0',4,3),(3,'\0',2,3),(4,'\0',2,4),(5,'\0',4,4),(6,'\0',1,4);
/*!40000 ALTER TABLE `food_member` ENABLE KEYS */;
UNLOCK TABLES;

--
-- Table structure for table `food_situation`
--

DROP TABLE IF EXISTS `food_situation`;
/*!40101 SET @saved_cs_client     = @@character_set_client */;
/*!40101 SET character_set_client = utf8 */;
CREATE TABLE `food_situation` (
  `id` bigint(20) NOT NULL AUTO_INCREMENT,
  `food_id` bigint(20) DEFAULT NULL,
  `situation_id` bigint(20) DEFAULT NULL,
  PRIMARY KEY (`id`),
  KEY `FKp7u1w0r7r2nt4uo33af21dxfn` (`food_id`),
  KEY `FKoh83hjlud0cosqp26qyklfqxs` (`situation_id`),
  CONSTRAINT `FKoh83hjlud0cosqp26qyklfqxs` FOREIGN KEY (`situation_id`) REFERENCES `situation` (`id`),
  CONSTRAINT `FKp7u1w0r7r2nt4uo33af21dxfn` FOREIGN KEY (`food_id`) REFERENCES `food` (`id`)
) ENGINE=InnoDB DEFAULT CHARSET=utf8mb4;
/*!40101 SET character_set_client = @saved_cs_client */;

--
-- Dumping data for table `food_situation`
--

LOCK TABLES `food_situation` WRITE;
/*!40000 ALTER TABLE `food_situation` DISABLE KEYS */;
/*!40000 ALTER TABLE `food_situation` ENABLE KEYS */;
UNLOCK TABLES;

--
-- Table structure for table `ingredient`
--

DROP TABLE IF EXISTS `ingredient`;
/*!40101 SET @saved_cs_client     = @@character_set_client */;
/*!40101 SET character_set_client = utf8 */;
CREATE TABLE `ingredient` (
  `id` bigint(20) NOT NULL AUTO_INCREMENT,
  `name` varchar(255) NOT NULL,
  `unit` varchar(255) DEFAULT NULL,
  `weight` varchar(255) DEFAULT NULL,
  PRIMARY KEY (`id`)
) ENGINE=InnoDB AUTO_INCREMENT=882 DEFAULT CHARSET=utf8mb4;
/*!40101 SET character_set_client = @saved_cs_client */;

--
-- Dumping data for table `ingredient`
--

LOCK TABLES `ingredient` WRITE;
/*!40000 ALTER TABLE `ingredient` DISABLE KEYS */;
INSERT INTO `ingredient` VALUES (1,'고구마','g','300'),(2,'생크림','g','80'),(3,'설탕','g','15'),(4,'시나몬파우더','t','1/4'),(5,'넛맥가루','약간',''),(6,'크림치즈','g','150'),(7,'생크림','g','50'),(8,'설탕','g','20'),(9,'시판용카스텔라빵','개','2'),(10,'자색고구마분말','약간',''),(11,'오징어','마리','2'),(12,'무','g','250'),(13,'두부','모','1/2'),(14,'청양고추','개','1'),(15,'대파','cm','20'),(16,'물','.L','1.'),(17,'만개한알','개','2'),(18,'다진마늘','숟가락','1'),(19,'국간장','숟가락','1'),(20,'고춧가루','숟가락','1'),(21,'소금','약간',''),(22,'후추','약간',''),(23,'중화면또는옥수수면','인분','1'),(24,'칵테일새우','마리','4'),(25,'오이','개','1/4'),(26,'당근','개','1/4'),(27,'크래미','줄','2'),(28,'달걀','개','1'),(29,'식용유','약간',''),(30,'땅콩버터','숟가락','1'),(31,'미지근한물','숟가락','1/2'),(32,'냉면육수','봉','1'),(33,'식초','숟가락','1'),(34,'간장','숟가락','1/2'),(35,'토마토','개','2'),(36,'달걀','개','3'),(37,'청경채','단','1'),(38,'밥','인분','2'),(39,'케첩','숟가락','1'),(40,'간장1+1/2숟가락','숟가락','1+1/2'),(41,'설탕','숟가락','1/2'),(42,'소금','약간',''),(43,'후추','약간',''),(44,'참기름','숟가락','1'),(45,'식용유','적당량',''),(46,'레이디핑거','개','8'),(47,'민트초코라떼믹스','봉','6'),(48,'뜨거운물','ml','250'),(49,'오레오크래커','개','10'),(50,'마스카포네치즈','g','250'),(51,'생크림','g','100'),(52,'설탕','g','50'),(53,'식용색소','약간',''),(54,'식용민트에센스','약간',''),(55,'민트초콜릿','개','4'),(56,'등갈비','g','600'),(57,'감자전분','적당량',''),(58,'스프레이오일','적당량',''),(59,'소금','약간',''),(60,'설탕','숟가락','1'),(61,'간장','숟가락','1/2'),(62,'다진마늘','숟가락','1'),(63,'다진생강','숟가락','1/4'),(64,'청주','숟가락','1'),(65,'후추','약간',''),(66,'건고추','개','3'),(67,'다진마늘','숟가락','1'),(68,'다진생강','숟가락','1/2'),(69,'물','종이컵','1/2'),(70,'간장','숟가락','2'),(71,'고추장','숟가락','1'),(72,'설탕','숟가락','1'),(73,'물엿','숟가락','1'),(74,'스리라차소스','숟가락','2'),(75,'핫소스','숟가락','1'),(76,'식용유','숟가락','1'),(77,'단백질파우더','g','30'),(78,'바나나','개','1'),(79,'우유','g','250'),(80,'아몬드','개','10'),(81,'호두','개','1'),(82,'하드롤빵','개','1'),(83,'파스타면','인분','1'),(84,'새우','마리','5'),(85,'바지락','종이컵','1'),(86,'양파','개','1/4'),(87,'마늘','개','2'),(88,'페페론치노','개','3'),(89,'어린잎채소','약간',''),(90,'생크림','종이컵','1'),(91,'토마토소스','종이컵','1/3'),(92,'소금','약간',''),(93,'후추','약간',''),(94,'파슬리가루','약간',''),(95,'바게트','개','1'),(96,'소시지','개','2'),(97,'상추','장','6'),(98,'양파','개','1/4'),(99,'빨간파프리카','개','1'),(100,'노란파프리카','개','1'),(101,'슬라이스치즈','장','2'),(102,'피클','개','6'),(103,'소금','약간',''),(104,'후추','약간',''),(105,'식용유','약간',''),(106,'마요네즈','숟가락','5'),(107,'홀그레인머스타드','숟가락','1'),(108,'후추','약간',''),(109,'통삼겹살','줄','2'),(110,'소금','약간',''),(111,'후추','약간',''),(112,'마늘','개','5'),(113,'로즈마리','줄','1'),(114,'레드와인','종이컵','2'),(115,'설탕','숟가락','2'),(116,'후추','약간',''),(117,'버터','조각','1'),(118,'고구마','g','400'),(119,'우유','종이컵','1'),(120,'생크림','종이컵','1/4'),(121,'피자치즈','종이컵','2'),(122,'소금','약간',''),(123,'후추','약간',''),(124,'버터','조각','1'),(125,'물','종이컵','1'),(126,'달걀','g','70'),(127,'달걀노른자','g','25'),(128,'설탕','g','100'),(129,'꿀','g','20'),(130,'박력분','g','75'),(131,'아몬드파우더','g','15'),(132,'옥수수전분','g','10'),(133,'베이킹파우더','g','1'),(134,'생크림','g','30'),(135,'무염버터','g','60'),(136,'소금','꼬집','1'),(137,'바닐라익스트랙','t','1'),(138,'생크림','g','200'),(139,'연유','g','20'),(140,'설탕','g','20'),(141,'우유','g','500'),(142,'설탕','g','50'),(143,'수박','통','1/4'),(144,'애플민트','약간',''),(145,'연유','숟가락','2'),(146,'멜론','약간',''),(147,'춘권피','장','11'),(148,'블루베리','g','100'),(149,'블루베리잼','숟가락','5'),(150,'크림치즈','g','200'),(151,'설탕','숟가락','1'),(152,'레몬즙','숟가락','1'),(153,'달걀노른자','개','1'),(154,'올리브오일','약간',''),(155,'만두피','개','10'),(156,'양파','개','1/2'),(157,'다진마늘','숟가락','1'),(158,'토마토페이스트','숟가락','3'),(159,'다진소고기','g','250'),(160,'소금','약간',''),(161,'후추','약간',''),(162,'설탕','숟가락','2'),(163,'올리브유','숟가락','2'),(164,'피자치즈','종이컵','2'),(165,'오레가노','숟가락','1/4'),(166,'튀김기름','적당량',''),(167,'오징어','마리','2'),(168,'당면','g','100'),(169,'식용유','약간',''),(170,'고추장','숟가락','3'),(171,'고춧가루','숟가락','2'),(172,'간장','숟가락','1'),(173,'설탕','숟가락','1'),(174,'다진마늘','숟가락','1'),(175,'맛술','숟가락','1'),(176,'참기름','숟가락','1'),(177,'깻잎','장','50'),(178,'청양고추','개','3'),(179,'홍고추1개오뚜기장아찌소스','병','2'),(180,'양파','개','2'),(181,'적양파','개','1'),(182,'청양고추','개','5'),(183,'오뚜기장아찌소스','병','2'),(184,'전복','개','8'),(185,'청양고추','개','2'),(186,'홍고추','개','1'),(187,'오뚜기장아찌소스','병','1'),(188,'순대','',''),(189,'토마토소스','병','1/2'),(190,'피자치즈','g','100'),(191,'깻잎','장','5'),(192,'청양고추','개','2'),(193,'대파','대','1/5'),(194,'다진마늘','숟가락','1'),(195,'고추장','숟가락','1/2'),(196,'고춧가루','숟가락','1'),(197,'박력분','g','200'),(198,'베이킹파우더','g','6'),(199,'소금','꼬집','1'),(200,'설탕','g','90'),(201,'버터','g','40'),(202,'달걀노른자','개','2'),(203,'사워크림','g','130'),(204,'식용유','적당량',''),(205,'슈가파우더','g','100'),(206,'레몬즙','T','2'),(207,'또띠아','장','2'),(208,'다진소고기','종이컵','2'),(209,'다진마늘','숟가락','1'),(210,'토마토소스','종이컵','1'),(211,'소금','약간',''),(212,'후추','약간',''),(213,'체다치즈','장','4'),(214,'피자치즈','종이컵','1'),(215,'고추기름','숟가락','2'),(216,'올리브유','약간',''),(217,'생닭','마리','1'),(218,'버터','상자','2'),(219,'사워크림','컵','1/2'),(220,'다진마늘','숟가락','3'),(221,'파슬리','종이컵','1/4'),(222,'바질가루','숟가락','1'),(223,'소금','약간',''),(224,'후추','약간',''),(225,'통마늘','개','5'),(226,'모짜렐라치즈','덩이','1'),(227,'소고기200g','장','2'),(228,'소금','약간',''),(229,'후추','약간',''),(230,'올리브유','숟가락','2'),(231,'식용유','숟가락','5'),(232,'마늘','톨','5'),(233,'무','조각','1'),(234,'마늘','톨','2'),(235,'다진생강','숟가락','1/3'),(236,'간장','종이컵','1/3'),(237,'청주','종이컵','1/3'),(238,'까르보불닭볶음면','개','1'),(239,'편의점닭발','팩','1'),(240,'햇반','개','1'),(241,'옥수수콘','적당량',''),(242,'모짜렐라치즈','봉','1'),(243,'조미김','봉','1'),(244,'사과','개','1'),(245,'감자','개','1'),(246,'당근','개','1/2'),(247,'감자주스만들고남은펄프','모두',''),(248,'다진양파','개','1/4'),(249,'감자','개','1'),(250,'밀가루','숟가락','3'),(251,'소금','약간',''),(252,'사워크림','적당량',''),(253,'타임','약간',''),(254,'미숫가루','숟가락','6'),(255,'우유','종이컵','2'),(256,'연유','숟가락','2'),(257,'바닐라아이스크림','스쿱','2'),(258,'미숫가루','숟가락','6'),(259,'우유','종이컵','2'),(260,'연유','숟가락','4'),(261,'인스턴트커피','봉','4'),(262,'휘핑크림','종이컵','1'),(263,'얼음','적당량',''),(264,'닭가슴살','덩이','2'),(265,'시금치','단','1/2'),(266,'크림치즈','g','50'),(267,'슈레드체다치즈','숟가락','2'),(268,'케이엔페퍼','약간',''),(269,'소금','약간',''),(270,'후추','약간',''),(271,'올리브유','약간',''),(272,'닭다리살','개','4'),(273,'튀김가루','종이컵','1/2'),(274,'소금','약간',''),(275,'후추','약간',''),(276,'식용유','숟가락','2'),(277,'피자치즈','적당량',''),(278,'땅콩분태','약간',''),(279,'튀김가루','종이컵','1/3'),(280,'물','종이컵','1/3'),(281,'고추장','숟가락','2'),(282,'케찹','숟가락','5'),(283,'다진마늘','숟가락','1'),(284,'간장','숟가락','1'),(285,'올리고당','숟가락','4'),(286,'식빵','장','6'),(287,'다크초콜릿','종이컵','2'),(288,'생크림','종이컵','1/2'),(289,'버터','숟가락','1'),(290,'튀김기름','적당량',''),(291,'유부','장','10'),(292,'밥','공기','2'),(293,'쌈무','장','3'),(294,'밥이랑','숟가락','3'),(295,'새우','마리','10'),(296,'참기름','숟가락','2'),(297,'식용유','약간',''),(298,'소금','약간',''),(299,'후추','약간',''),(300,'청주','숟가락','1/2'),(301,'간장','숟가락','3'),(302,'설탕','숟가락','2'),(303,'맛술','숟가락','2'),(304,'청주','숟가락','3'),(305,'버터','g','250'),(306,'레몬','개','1'),(307,'딜','g','10'),(308,'새우튀김','개','8'),(309,'청상추','줌','1'),(310,'양배추','줌','1'),(311,'식빵','장','4'),(312,'마요네즈','숟가락','5'),(313,'다진피클','숟가락','1'),(314,'다진양파','숟가락','1'),(315,'레몬즙','숟가락','1/2'),(316,'설탕','숟가락','1/2'),(317,'후추','약간',''),(318,'삶은달걀','개','1'),(319,'약콩','종이컵','1'),(320,'소금','숟가락','1'),(321,'설탕','숟가락','3'),(322,'올리고당','숟가락','1'),(323,'볶음콩가루','종이컵','1/2'),(324,'버터','g','110'),(325,'황설탕','g','130'),(326,'설탕','g','40'),(327,'소금','꼬집','1'),(328,'바닐라익스트랙','t','1'),(329,'달걀','g','40'),(330,'중력분','g','130'),(331,'베이킹소다','t','1/2'),(332,'초코칩','g','75'),(333,'로투스크래커','적당량',''),(334,'오레오크래커','적당량',''),(335,'마시멜로우','적당량',''),(336,'초콜릿','적당량',''),(337,'냉동복분자','종이컵','1'),(338,'물','종이컵','1'),(339,'꿀','숟가락','3'),(340,'레몬즙','숟가락','1'),(341,'자두','개','4'),(342,'물','종이컵','2'),(343,'꿀','숟가락','3'),(344,'애플민트','개','1'),(345,'대파','대','3'),(346,'다진소고기','종이컵','1'),(347,'토마토페이스트','숟가락','2'),(348,'설탕','숟가락','1'),(349,'양파','개','1/4'),(350,'샐러리','대','1/2'),(351,'다진마늘','숟가락','1'),(352,'소금','약간',''),(353,'후추','약간',''),(354,'피자치즈','종이컵','1'),(355,'빵가루','숟가락','2'),(356,'불린병아리콩','종이컵','2'),(357,'카레가루','숟가락','2'),(358,'파슬리가루','숟가락','1/2'),(359,'올리브유','약간',''),(360,'당면','줌g','1'),(361,'빨간파프리카','개','1/2'),(362,'노란파프리카','개','1/2'),(363,'부추','g','20'),(364,'불린표고버섯','개','2'),(365,'식용유','약간',''),(366,'간장','숟가락','1'),(367,'설탕','숟가락','1/2'),(368,'참기름','약간',''),(369,'깨','약간',''),(370,'간장','숟가락','4'),(371,'식초','숟가락','3'),(372,'설탕','숟가락','2'),(373,'맛술','숟가락','1'),(374,'참기름','숟가락','2'),(375,'연겨자','숟가락','1'),(376,'잣가루','숟가락','1'),(377,'오징어','마리','1'),(378,'마늘','개','5'),(379,'양파','개','1/4'),(380,'청양고추','개','2'),(381,'건고추','개','3'),(382,'홍합','개','8'),(383,'손질새우','마리','4'),(384,'생크림','ml','100'),(385,'우유','ml','300'),(386,'소금','약간',''),(387,'후추','약간',''),(388,'중화면또는국수','인분','1'),(389,'쪽파','개','1'),(390,'소시지','개','4'),(391,'삶은옥수수','개','1/2'),(392,'애호박','개','1/2'),(393,'파프리카','개','1/2'),(394,'표고버섯','개','2'),(395,'소금','약간',''),(396,'후추','약간',''),(397,'올리브오일','적당량',''),(398,'당근','개','1/4'),(399,'셀러리','대','1'),(400,'가지','개','1'),(401,'전분','숟가락','1'),(402,'올리브유','약간',''),(403,'소고기다짐육','g','100'),(404,'돼지고기다짐육','g','100'),(405,'두부','모','1/4'),(406,'달걀','개','1'),(407,'소금','약간',''),(408,'후추','약간',''),(409,'전분','숟가락','1'),(410,'굴소스','숟가락','2'),(411,'다진마늘','숟가락','2'),(412,'다진생강','숟가락','1'),(413,'설탕','숟가락','1/2'),(414,'레몬즙','숟가락','1/2'),(415,'참기름','숟가락','1/2'),(416,'잣','g','150'),(417,'닭육수2+1/2종이컵','종이컵','2+1/2'),(418,'소면','인분','1'),(419,'오이','개','1/3'),(420,'소금','약간',''),(421,'콜라','ml','500'),(422,'체리','적당량',''),(423,'연유','숟가락','3'),(424,'체리티백','개','2'),(425,'물','종이컵','1'),(426,'설탕','종이컵','1'),(427,'아스파라거스','줄','9'),(428,'방울토마토','개','5'),(429,'마늘','개','5'),(430,'소금','약간',''),(431,'올리브유','종이컵','1/3'),(432,'파마산치즈가루','적당량',''),(433,'아스파라거스','줄','9'),(434,'마늘','개','3'),(435,'홍고추','개','1'),(436,'간장','숟가락','1'),(437,'굴소스','숟가락','1/2'),(438,'식용유','적당량',''),(439,'닭볶음탕용닭','마리','1'),(440,'통마늘','알','10'),(441,'무','조각','2'),(442,'대파','대','2'),(443,'오이','개','1/2'),(444,'양파','개','2'),(445,'고춧가루','숟가락','3'),(446,'식초','숟가락','5'),(447,'다진마늘','숟가락','1'),(448,'간장','숟가락','1'),(449,'참기름','숟가락','1'),(450,'깨','숟가락','1/2'),(451,'물엿','숟가락','3'),(452,'설탕','숟가락','2'),(453,'연겨자','숟가락','1/2'),(454,'블루베리','종이컵','2'),(455,'물','종이컵','1'),(456,'설탕','숟가락','2'),(457,'판젤라틴','장','4'),(458,'플레인요거트','종이컵','3'),(459,'블루베리','종이컵','1/4'),(460,'애플민트','약간',''),(461,'스파게티면','g','100'),(462,'양파','개','1/4'),(463,'마늘','개','2'),(464,'프랑크소시지','줄','2'),(465,'케첩','숟가락','2'),(466,'굴소스','숟가락','1'),(467,'물2+1/2종이컵','종이컵','2+1/2'),(468,'소금','약간',''),(469,'후추','약간',''),(470,'올리브유','약간',''),(471,'파마산치즈','적당량',''),(472,'파슬리가루','약간',''),(473,'김밥용김','장','2'),(474,'현미밥1+1/2공기','공기','1+1/2'),(475,'닭가슴살통조림','캔','1'),(476,'쌈무','장','10'),(477,'파프리카','개','1/2'),(478,'오이','개','1/4'),(479,'참기름','약간',''),(480,'연겨자','숟가락','1'),(481,'설탕','숟가락','1/2'),(482,'간장','숟가락','1/2'),(483,'식초','숟가락','1/2'),(484,'식초1+1/2숟가락','숟가락','1+1/2'),(485,'설탕','숟가락','1'),(486,'소금','숟가락','1/2'),(487,'토마토','개','1'),(488,'잘린미역','종이컵','2/3'),(489,'오이','개','1/2'),(490,'맛살','줄','2'),(491,'간장1+1/2숟가락','숟가락','1+1/2'),(492,'식초','숟가락','2'),(493,'맛술','숟가락','1'),(494,'설탕','숟가락','1/2'),(495,'참기름','약간',''),(496,'통깨','약간',''),(497,'달걀','개','2'),(498,'설탕','숟가락','2'),(499,'밀가루중력분','숟가락','2'),(500,'몽쉘','개','4'),(501,'초콜릿','g','50'),(502,'핫케이크가루','숟가락','3'),(503,'우유','종이컵','1/4'),(504,'달걀','개','1'),(505,'슈가파우더','약간',''),(506,'쌀','종이컵','1'),(507,'카레','숟가락','2'),(508,'생크림','종이컵','1'),(509,'치킨스톡','종이컵','2'),(510,'마늘','톨','2'),(511,'양파','개','1/3'),(512,'올리브유','약간',''),(513,'소금','약간',''),(514,'후추','약간',''),(515,'파마산치즈가루','약간',''),(516,'감자','g','500'),(517,'감자전분','숟가락','5'),(518,'파마산치즈가루','숟가락','2'),(519,'소금','숟가락','1/2'),(520,'간장','숟가락','2'),(521,'설탕','숟가락','1'),(522,'물엿','숟가락','1'),(523,'식용유','적당량',''),(524,'김','장','1'),(525,'스트링치즈','개','2'),(526,'닭','마리','1'),(527,'양파','개','1/2'),(528,'감자','개','2'),(529,'당근','개','1/2'),(530,'대파','대','1/4'),(531,'만두','개','6'),(532,'떡볶이떡','종이컵','1/2'),(533,'건고추','개','1'),(534,'모짜렐라치즈','종이컵','1'),(535,'우유','종이컵','5'),(536,'맛술','숟가락','2'),(537,'후추','숟가락','1/2'),(538,'소금','숟가락','1/2'),(539,'간장','숟가락','6'),(540,'흑설탕','숟가락','3'),(541,'물엿','숟가락','3'),(542,'다진마늘','숟가락','1'),(543,'다진생강','숟가락','1/2'),(544,'후추','숟가락','1/2'),(545,'물','종이컵','3'),(546,'우유','g','50'),(547,'물','g','50'),(548,'버터','g','50'),(549,'소금','g','1'),(550,'박력분','g','80'),(551,'달걀','g','130'),(552,'무염버터','g','30'),(553,'설탕','g','30'),(554,'박력분','g','26'),(555,'코코아파우더','g','4'),(556,'인스턴트커피','봉','2'),(557,'뜨거운물','T','1'),(558,'생크림','g','250'),(559,'연유','g','50'),(560,'돼지고기등심','g','200'),(561,'미나리','g','60'),(562,'스트링치즈','개','2'),(563,'밀가루','숟가락','1/2'),(564,'달걀','개','1'),(565,'빵가루','숟가락','1'),(566,'소금','약간',''),(567,'후추','약간',''),(568,'올리브유','약간',''),(569,'봄동','장','5'),(570,'양배추','g','50'),(571,'사과','개','1/4'),(572,'마요네즈','숟가락','3'),(573,'꿀','숟가락','1'),(574,'레몬즙','숟가락','1'),(575,'소금','약간',''),(576,'후추','약간',''),(577,'불린현미','종이컵','1/2'),(578,'샐러드채소','줌','1'),(579,'방울토마토','알','5'),(580,'올리브유','숟가락','4'),(581,'설탕','숟가락','2'),(582,'식초','숟가락','1'),(583,'레몬즙','숟가락','1'),(584,'양파','개','1/4'),(585,'소금','약간',''),(586,'후추','약간',''),(587,'오트밀','g','30'),(588,'고구마','g','100'),(589,'바나나','개','1'),(590,'달걀','개','2'),(591,'계피가루','숟가락','1/2'),(592,'메이플시럽','숟가락','2'),(593,'슈가파우더','숟가락','1/4'),(594,'올리브유','약간',''),(595,'가지','개','2'),(596,'쪽파','대','1'),(597,'통깨','약간',''),(598,'된장','숟가락','3'),(599,'매실액','숟가락','2'),(600,'마요네즈','숟가락','1'),(601,'다진마늘','숟가락','1/2'),(602,'설탕','숟가락','1'),(603,'농어','g','150'),(604,'아스파라거스','줄','2'),(605,'방울토마토','알','3'),(606,'어린잎','약간',''),(607,'소금','약간',''),(608,'후추','약간',''),(609,'올리브유','적당량',''),(610,'버터','g','200'),(611,'딜','g','10'),(612,'레몬','개','1'),(613,'레몬즙','숟가락','1'),(614,'레몬딜버터','숟가락','1'),(615,'다진양파','숟가락','1'),(616,'다진마늘','숟가락','1'),(617,'생크림','종이컵','2/3'),(618,'소금','약간',''),(619,'쌈다시마','g','140'),(620,'애호박','개','1/4'),(621,'양파','개','1/2'),(622,'대파','대','1/2'),(623,'청양고추','개','1'),(624,'홍고추','개','1'),(625,'고춧가루','숟가락','1/2'),(626,'설탕','숟가락','1/2'),(627,'다진마늘','숟가락','1'),(628,'재래식된장','숟가락','4'),(629,'고추장','숟가락','1'),(630,'참기름','숟가락','1'),(631,'제누아즈빵1호사이즈','개','1'),(632,'생크림','g','200'),(633,'설탕','g','20'),(634,'냉동패션후르츠과육','g','200'),(635,'설탕','g','100'),(636,'달걀흰자','g','70'),(637,'설탕','g','15'),(638,'설탕','g','110'),(639,'물','g','40'),(640,'식빵','장','4'),(641,'스위트콘','종이컵','1'),(642,'양파','개','1/4'),(643,'피망','개','1/4'),(644,'빨간파프리카','개','1/4'),(645,'피자치즈','종이컵','2'),(646,'마요네즈','숟가락','4'),(647,'설탕','숟가락','1'),(648,'소금','약간',''),(649,'후추','약간',''),(650,'파슬리가루','약간',''),(651,'가자미','마리','2'),(652,'전분','숟가락','1'),(653,'고수','g','10'),(654,'소금','약간',''),(655,'후추','약간',''),(656,'올리브유','숟가락','2'),(657,'당근','개','1/6'),(658,'홍고추','개','1'),(659,'피쉬소스','숟가락','2'),(660,'식초','숟가락','2'),(661,'설탕','숟가락','1'),(662,'다진마늘','숟가락','1/2'),(663,'달걀','개','4'),(664,'명란젓','개','2'),(665,'홍고추','개','1/2'),(666,'쪽파','줄','1'),(667,'참치액','작은숟가락','1'),(668,'우유','컵','1'),(669,'맛술','숟가락','2/3'),(670,'감자1+1/2개','개','1+1/2'),(671,'올리브유','적당량',''),(672,'소금','약간',''),(673,'후추','약간',''),(674,'청상추','장','2'),(675,'토마토','개','1/2'),(676,'슬라이스치즈','장','1'),(677,'베이컨','줄','1'),(678,'미니아스파라거스','줄','3'),(679,'토마토','개','1/2'),(680,'베이컨','줄','1'),(681,'어린잎채소','줌','1'),(682,'달걀','개','1'),(683,'식초','숟가락','1'),(684,'달걀노른자','개','1'),(685,'무염버터','g','40'),(686,'레몬즙','숟가락','1/2'),(687,'소금','약간',''),(688,'후추','약간',''),(689,'감자','개','1'),(690,'달걀','개','1'),(691,'쪽파','줄기','1'),(692,'피자치즈','숟가락','2'),(693,'파프리카가루','꼬집','1'),(694,'버터','조각','2'),(695,'소금','약간',''),(696,'후추','약간',''),(697,'식용유','약간',''),(698,'광어','마리','1'),(699,'소금','약간',''),(700,'후추','약간',''),(701,'청주','숟가락','1'),(702,'튀김가루','숟가락','3'),(703,'대파','cm','10'),(704,'다진마늘','숟가락','1/2'),(705,'청양고추','개','1/2'),(706,'홍고추','개','1/2'),(707,'설탕','숟가락','1/2'),(708,'간장','숟가락','4'),(709,'고춧가루','숟가락','1'),(710,'맛술','숟가락','1'),(711,'메밀면','g','150'),(712,'쪽파','줄','1'),(713,'김가루','약간',''),(714,'쯔유','숟가락','1'),(715,'다시마육수','종이컵','2'),(716,'방울토마토','g','150'),(717,'다시마육수','종이컵','1'),(718,'간장','숟가락','1'),(719,'설탕','숟가락','1'),(720,'레몬즙','약간',''),(721,'자두','개','4'),(722,'토마토','개','1'),(723,'빨강파프리카','개','1/2'),(724,'양파','개','1/6'),(725,'마늘','개','1/2'),(726,'레몬','개','1/4'),(727,'플레인요거트','숟가락','2'),(728,'올리고당1+1/2숟가락','숟가락','1+1/2'),(729,'소금','약간',''),(730,'애플민트','약간',''),(731,'대파','g','20'),(732,'마늘','개','6'),(733,'양송이버섯','개','2'),(734,'양파','개','1/2'),(735,'파채','줌','1'),(736,'식용유','숟가락','5'),(737,'소금','꼬집','1'),(738,'후추','꼬집','3'),(739,'우유','ml','250'),(740,'달걀노른자','개','1'),(741,'마라소스','숟가락','4'),(742,'돼지고기족발','g','200'),(743,'대파','g','400'),(744,'참기름','약간',''),(745,'통깨','약간',''),(746,'고춧가루','컵','1/3'),(747,'까나리액젓','T','4'),(748,'다진마늘','T','2/3'),(749,'다진생강','T','1/2'),(750,'매실청','T','1'),(751,'양파','개','1/4'),(752,'쥬키니호박','개','1/4'),(753,'노란파프리카','개','1/2'),(754,'빨간파프리카','개','1/2'),(755,'마늘','쪽','1'),(756,'새우','개','8'),(757,'토마토소스','종이컵','2/3'),(758,'올리브','알','5'),(759,'설탕','숟가락','1/2'),(760,'발사믹비네거','숟가락','1'),(761,'바게트','조각','4'),(762,'올리브유','약간',''),(763,'사워크림','숟가락','3'),(764,'소금','약간',''),(765,'후추','약간',''),(766,'설탕','g','50'),(767,'물','g','15'),(768,'뜨거운물','g','10'),(769,'우유','g','300'),(770,'바닐라빈','개','1/3'),(771,'설탕','g','50'),(772,'꿀','g','15'),(773,'달걀','개','3'),(774,'달걀노른자','개','1'),(775,'달걀','개','1'),(776,'설탕','g','20'),(777,'꿀','g','15'),(778,'박력분','g','30'),(779,'베이컨','줄','6'),(780,'파채','g','200'),(781,'고추장','숟가락','1/2'),(782,'고춧가루','숟가락','1'),(783,'간장','숟가락','1'),(784,'식초','숟가락','1'),(785,'설탕','숟가락','1/2'),(786,'다진마늘','숟가락','1/2'),(787,'부침가루','종이컵','1/2'),(788,'물','종이컵','1/4'),(789,'식용유','적당량',''),(790,'닭가슴살통조림','캔','1'),(791,'마요네즈','숟가락','2'),(792,'스리라차소스','숟가락','1'),(793,'소금','약간',''),(794,'단무지','조각','3'),(795,'토마토','개','1'),(796,'김','장','1'),(797,'밥','공기','2'),(798,'참기름','숟가락','2'),(799,'밥이랑또는후리가케','숟가락','3'),(800,'달걀','개','5'),(801,'소금한','꼬집',''),(802,'투O더아이스크림','스쿱','2'),(803,'식빵','개','4'),(804,'버터','g','40'),(805,'바나나','개','2'),(806,'설탕','숟가락','2'),(807,'초콜릿','개','2'),(808,'연유','',''),(809,'메이플시럽','',''),(810,'사과','개','1'),(811,'비트','개','1/3'),(812,'당근','개','1'),(813,'물','종이컵','1'),(814,'케일','g','100'),(815,'토마토','개','1'),(816,'양배추','g','100'),(817,'물','종이컵','1'),(818,'무염버터','g','120'),(819,'설탕','g','45'),(820,'황설탕','g','70'),(821,'달걀','개','1'),(822,'바닐라익스트랙','약간',''),(823,'중력분','g','150'),(824,'베이킹파우더','t','1/2'),(825,'말차가루','g','8'),(826,'옥수수전분','g','5'),(827,'소금','꼬집','1'),(828,'화이트초코칩','g','80'),(829,'크림치즈','g','120'),(830,'달걀','g','150'),(831,'설탕','g','90'),(832,'박력분','g','75'),(833,'코코아파우더','g','15'),(834,'녹인버터','g','15'),(835,'식용민트오일','~방울','1~2방울'),(836,'다크초콜릿커버춰','g','100'),(837,'생크림','g','100'),(838,'식용민트오일','~방울','1~2방울'),(839,'생크림','g','250'),(840,'설탕','g','20'),(841,'다진민트초콜릿','g','80'),(842,'오레오부순것','g','30'),(843,'생크림','g','250'),(844,'설탕','g','20'),(845,'식용민트오일','~방울','1~2방울'),(846,'식용색소','약간',''),(847,'민트시럽','약간',''),(848,'오레오','약간',''),(849,'민트초콜릿','약간',''),(850,'통삼겹살','kg','1'),(851,'소금','숟가락','1/2'),(852,'후추','숟가락','1/2'),(853,'식용유','숟가락','3'),(854,'감자','개','4'),(855,'옥수수통조림','종이컵','1/2'),(856,'식용유','적당량',''),(857,'전분가루','숟가락','2'),(858,'소금','약간',''),(859,'후추','약간',''),(860,'소면','적당량',NULL),(861,'물','L','1'),(862,'양념장','숟가락','2'),(863,'쌈무','적당량',NULL),(864,'닭','마리','2'),(865,'찹쌀','컵','1'),(866,'대추','개','10'),(867,'한방재료','적당량',NULL),(868,'물','L','2'),(869,'베이글','개','1'),(870,'계란','개','1'),(871,'햄','장','4'),(872,'치즈','장','2'),(873,'배추','적당량',NULL),(874,'버터','g','15'),(875,'마늘','개','15'),(876,'베이컨','줄','5'),(877,'엑스트라버진 올리브유','ml','300'),(878,'소금','약간',NULL),(879,'후추','약간',NULL),(880,'페퍼론치노','개','4'),(881,'스파게티면','인분','2');
/*!40000 ALTER TABLE `ingredient` ENABLE KEYS */;
UNLOCK TABLES;

--
-- Table structure for table `member`
--

DROP TABLE IF EXISTS `member`;
/*!40101 SET @saved_cs_client     = @@character_set_client */;
/*!40101 SET character_set_client = utf8 */;
CREATE TABLE `member` (
  `id` bigint(20) NOT NULL AUTO_INCREMENT,
  `nickname` varchar(255) NOT NULL,
  `profile_image` varchar(255) NOT NULL,
  `sns_id` varchar(255) NOT NULL,
  `sns_type` varchar(255) NOT NULL,
  PRIMARY KEY (`id`)
) ENGINE=InnoDB AUTO_INCREMENT=6 DEFAULT CHARSET=utf8mb4;
/*!40101 SET character_set_client = @saved_cs_client */;

--
-- Dumping data for table `member`
--

LOCK TABLES `member` WRITE;
/*!40000 ALTER TABLE `member` DISABLE KEYS */;
INSERT INTO `member` VALUES (1,'안창호','http://k.kakaocdn.net/dn/ANJ7y/btqUvEhHOog/RQPlDMbGcllSd7CW9pC5O0/img_640x640.jpg','1835500971','kakao'),(2,'null','null','null','kakao'),(3,'고동건','http://k.kakaocdn.net/dn/x69Fw/btq6u3jsbox/sspR7jKVKiKb47p2S6hiqK/img_640x640.jpg','1844085697','kakao'),(4,'Chloe J. Lee','http://k.kakaocdn.net/dn/J0eLb/btqYW2e2hpV/cRoZQK1pVY2HQVB85BKEAK/img_640x640.jpg','1844130971','kakao'),(5,'김우석','http://k.kakaocdn.net/dn/bmP1fs/btq64LiU2aa/e6UzmsWqigYvCiTW4GtRJK/img_640x640.jpg','1844131173','kakao');
/*!40000 ALTER TABLE `member` ENABLE KEYS */;
UNLOCK TABLES;

--
-- Table structure for table `rating`
--

DROP TABLE IF EXISTS `rating`;
/*!40101 SET @saved_cs_client     = @@character_set_client */;
/*!40101 SET character_set_client = utf8 */;
CREATE TABLE `rating` (
  `id` bigint(20) NOT NULL AUTO_INCREMENT,
  `score` int(11) NOT NULL,
  `food_id` bigint(20) DEFAULT NULL,
  `member_id` bigint(20) DEFAULT NULL,
  PRIMARY KEY (`id`),
  KEY `FKiw7grkjcw1asy5o6ey91nat00` (`food_id`),
  KEY `FKe14in1y4sugqskjl9u4m2o18x` (`member_id`),
  CONSTRAINT `FKe14in1y4sugqskjl9u4m2o18x` FOREIGN KEY (`member_id`) REFERENCES `member` (`id`),
  CONSTRAINT `FKiw7grkjcw1asy5o6ey91nat00` FOREIGN KEY (`food_id`) REFERENCES `food` (`id`)
) ENGINE=InnoDB AUTO_INCREMENT=21 DEFAULT CHARSET=utf8mb4;
/*!40101 SET character_set_client = @saved_cs_client */;

--
-- Dumping data for table `rating`
--

LOCK TABLES `rating` WRITE;
/*!40000 ALTER TABLE `rating` DISABLE KEYS */;
INSERT INTO `rating` VALUES (1,5,1,3),(2,4,2,3),(12,5,4,3),(14,1,3,3),(15,4,6,4),(16,4,11,4),(17,4,12,4),(18,4,13,4),(19,4,14,4),(20,4,50,4);
/*!40000 ALTER TABLE `rating` ENABLE KEYS */;
UNLOCK TABLES;

--
-- Table structure for table `recipe`
--

DROP TABLE IF EXISTS `recipe`;
/*!40101 SET @saved_cs_client     = @@character_set_client */;
/*!40101 SET character_set_client = utf8 */;
CREATE TABLE `recipe` (
  `id` bigint(20) NOT NULL AUTO_INCREMENT,
  `description` varchar(255) NOT NULL,
  `step` int(11) NOT NULL,
  `timer` int(11) NOT NULL,
  `video_url` varchar(255) DEFAULT NULL,
  `food_id` bigint(20) DEFAULT NULL,
  PRIMARY KEY (`id`),
  KEY `FKdjlos63vbmjt9n9u1lk7e22sh` (`food_id`),
  CONSTRAINT `FKdjlos63vbmjt9n9u1lk7e22sh` FOREIGN KEY (`food_id`) REFERENCES `food` (`id`)
) ENGINE=InnoDB AUTO_INCREMENT=44 DEFAULT CHARSET=utf8mb4;
/*!40101 SET character_set_client = @saved_cs_client */;

--
-- Dumping data for table `recipe`
--

LOCK TABLES `recipe` WRITE;
/*!40000 ALTER TABLE `recipe` DISABLE KEYS */;
INSERT INTO `recipe` VALUES (1,'고기를 맛있게 구워줍니다.',1,60,'https://s3.ap-northeast-2.amazonaws.com/ssafy.b206.cook/Steak+-+16406.mp4',5),(2,'고기가 맛있어 보입니다..',2,30,'https://s3.ap-northeast-2.amazonaws.com/ssafy.b206.cook/Steak+-+16406.mp4',5),(3,'우선 신나는 노래를 듣고 시작할까요. 혹시 영상이 자동으로 재생이 되나요?',1,0,'https://s3.ap-northeast-2.amazonaws.com/ssafy.b206.cook/Steak+-+16406.mp4',2),(4,'다음 단계로 넘어왔을때 이전 영상 소리가 멈추었나요?',2,0,'https://s3.ap-northeast-2.amazonaws.com/ssafy.b206.cook/Steak+-+16406.mp4',2),(5,'타이머 테스트를 위해 timer 30 으로 두었습니다. 타이머가 끝났을때 알람이 울리나요?',3,30,'https://s3.ap-northeast-2.amazonaws.com/ssafy.b206.cook/Steak+-+16406.mp4',2),(6,'의미 없는 페이지입니다.',4,40,'https://s3.ap-northeast-2.amazonaws.com/ssafy.b206.cook/Steak+-+16406.mp4',2),(7,'의미 있는 페이지는 아닙니다.',5,0,'https://s3.ap-northeast-2.amazonaws.com/ssafy.b206.cook/Steak+-+16406.mp4',2),(9,'재료를 준비합니다. 재료는 소면 백원 분량, 양념장과 쌈무 입니다.',1,0,'https://b206.s3.ap-northeast-2.amazonaws.com/videos/recipe+2-1+%E1%84%8C%E1%85%A2%E1%84%85%E1%85%AD%E1%84%8C%E1%85%AE%E1%86%AB%E1%84%87%E1%85%B5+-+SD+480p.mov',81),(10,'물 800ml를 끓입니다',2,0,'https://b206.s3.ap-northeast-2.amazonaws.com/videos/recipe+2-2+%E1%84%86%E1%85%AE%E1%86%AF%E1%84%81%E1%85%B3%E1%86%B6%E1%84%8B%E1%85%B5%E1%84%80%E1%85%B5+-+SD+480p.mov',81),(11,'준비했던 쌈무를 먹기좋게 자릅니다.',3,0,'https://b206.s3.ap-northeast-2.amazonaws.com/videos/recipe+2-3+%E1%84%8A%E1%85%A1%E1%86%B7%E1%84%86%E1%85%AE+%E1%84%8C%E1%85%A1%E1%84%85%E1%85%B3%E1%84%80%E1%85%B5+-+SD+480p.mov',81),(12,'물이 끓으면 소면을 넣고 물이 넘칠때쯤 찬물을 조금씩 섞습니다. 세번정도 끓어오르면 잘 익었으니 불을 끕니다. ',4,0,'https://b206.s3.ap-northeast-2.amazonaws.com/videos/recipe+2-4+%E1%84%86%E1%85%A7%E1%86%AB+%E1%84%89%E1%85%A1%E1%86%B1%E1%84%80%E1%85%B5+-+SD+480p.mov',81),(13,'면을 찬물에 씻습니다.',5,0,'https://b206.s3.ap-northeast-2.amazonaws.com/videos/recipe+2-5+%E1%84%86%E1%85%A7%E1%86%AB+%E1%84%8E%E1%85%A1%E1%86%AB%E1%84%86%E1%85%AE%E1%86%AF%E1%84%8B%E1%85%A6+%E1%84%8A%E1%85%B5%E1%86%BA%E1%84%80%E1%85%B5+-+SD+480p.mov',81),(14,'면을 그릇에담고 양념장을 두 숟가락 정도 올립니다. 자른 쌈무를 올리면 완성',6,0,'https://b206.s3.ap-northeast-2.amazonaws.com/videos/recipe+2-6+%E1%84%8C%E1%85%A2%E1%84%85%E1%85%AD+%E1%84%8B%E1%85%A9%E1%86%AF%E1%84%85%E1%85%B5%E1%84%80%E1%85%A9+%E1%84%8B%E1%85%AA%E1%86%AB%E1%84%89%E1%85%A5%E1%86%BC+-+SD+480p.mov',81),(26,'버터를 녹인 후라이팬에 빵을 굽습니다',1,0,'https://b206.s3.ap-northeast-2.amazonaws.com/videos/recipe+3-1.mp4',82),(27,'계란을 반숙으로 구워줍니다.',2,0,'https://b206.s3.ap-northeast-2.amazonaws.com/videos/recipe+3-2.mp4',82),(28,'베이글 위에 채소를 올립니다.',3,0,'https://b206.s3.ap-northeast-2.amazonaws.com/videos/recipe+3-3.mp4',82),(29,'채소 위에 햄을 올리고 나머지 재료들도 올립니다.',4,0,'https://b206.s3.ap-northeast-2.amazonaws.com/videos/recipe+3-4.mp4',82),(30,'베이글 샌드위치 완성',5,0,'https://b206.s3.ap-northeast-2.amazonaws.com/videos/recipe+3-5.mp4',82),(31,'찹쌀을 깨끗이 씻고 30분간 물에 불려줍니다',1,1800,'https://b206.s3.ap-northeast-2.amazonaws.com/videos/recipe+4-1+.mp4',83),(32,'대추를 씻고 닭은 속까지 흐르는 물에 깨끗하게 씻어주세요',2,0,'https://b206.s3.ap-northeast-2.amazonaws.com/videos/recipe+4-2.mp4',83),(33,'불린 찹쌀을 닭속에 넣고 뒤집어 주세요',3,0,'https://b206.s3.ap-northeast-2.amazonaws.com/videos/recipe+4-3.mp4',83),(34,'냄비에 물 2L, 한방재료, 대추를 넣고 끓여주세요',4,0,'https://b206.s3.ap-northeast-2.amazonaws.com/videos/recipe+4-4.mp4',83),(35,'끓기 시작하면 불을 중간으로 낮추고 불순물을 제거해 주세요',5,0,'https://b206.s3.ap-northeast-2.amazonaws.com/videos/recipe+4-5.mp4',83),(36,'한시간 정도 끓인 뒤 한방재료를 건져주세요',6,3600,'https://b206.s3.ap-northeast-2.amazonaws.com/videos/recipe+4-6.mp4',83),(37,'2인분 기준, 마늘(15개), 베이컨(5줄), 올리브유(250ml), 소금, 후추, 페퍼론치노, 스파게티 면을 준비해줍니다.',1,0,'https://s3.ap-northeast-2.amazonaws.com/ssafy.b206.cook/video/01.mp4',84),(38,'마늘 10개를 슬라이스로 썰고, 5개는 빻아 줍니다.',2,0,'https://s3.ap-northeast-2.amazonaws.com/ssafy.b206.cook/video/02.mp4',84),(39,'베이컨을 찬물에 헹군 후 먹기 좋게 썰어 줍니다.',3,0,'https://s3.ap-northeast-2.amazonaws.com/ssafy.b206.cook/video/03.mp4',84),(40,'팬에 베이컨과 빻은 마늘 1티스푼, 후추를 넣고 볶아줍니다. 달라 붙은 베이컨은 익으면 분리됩니다.',4,0,'https://s3.ap-northeast-2.amazonaws.com/ssafy.b206.cook/video/04.mp4',84),(41,'올리브유를 후라이팬 바닥이 잠길 만큼 부은 후, 슬라이스썬 마늘과 빻은 마늘을 넣고 약불에 볶아줍니다.\r\n빻은 마늘이 노릇해지면 페퍼론치노를 넣고 기호에 따라 레드페퍼를 더 넣고 소금 2티스푼을 넣고 슬라이스한 마늘이 노릇해질때까지 볶은 뒤 불을 끕니다.',5,0,'https://s3.ap-northeast-2.amazonaws.com/ssafy.b206.cook/video/5.mp4',84),(42,'물을 매우 넉넉히 넣고 올리브유 2큰술, 소금 1티스푼을 넣고 끓여줍니다.\r\n물이 끓으면, 2인분 기준으로 엄지와 집게손가락을 붙여 만든 동그라미 만큼 면을 넣어줍니다.\r\n면을 넣고 면이 다 잠길때까지 눌러가며 풀어 줍니다. 11분간 면을 삶아 줍니다.',6,660,'https://s3.ap-northeast-2.amazonaws.com/ssafy.b206.cook/video/6.mp4',84),(43,'면이 다 익으면 소스가 담긴 팬으로 옮깁니다. \r\n소금 1티스푼과 후추를 많이 뿌려줍니다. \r\n그 후 올리브유를 낙낙하게 더 넣고, 30초간 볶아서 접시에 건져낸 후 베이컨을 고명처럼 얹어줍니다.',7,30,'https://s3.ap-northeast-2.amazonaws.com/ssafy.b206.cook/video/7.mp4',84);
/*!40000 ALTER TABLE `recipe` ENABLE KEYS */;
UNLOCK TABLES;

--
-- Table structure for table `situation`
--

DROP TABLE IF EXISTS `situation`;
/*!40101 SET @saved_cs_client     = @@character_set_client */;
/*!40101 SET character_set_client = utf8 */;
CREATE TABLE `situation` (
  `id` bigint(20) NOT NULL AUTO_INCREMENT,
  `name` varchar(255) NOT NULL,
  PRIMARY KEY (`id`)
) ENGINE=InnoDB AUTO_INCREMENT=6 DEFAULT CHARSET=utf8mb4;
/*!40101 SET character_set_client = @saved_cs_client */;

--
-- Dumping data for table `situation`
--

LOCK TABLES `situation` WRITE;
/*!40000 ALTER TABLE `situation` DISABLE KEYS */;
INSERT INTO `situation` VALUES (1,'디저트'),(2,'파티'),(3,'집들이'),(4,'안주'),(5,'간단한 아침');
/*!40000 ALTER TABLE `situation` ENABLE KEYS */;
UNLOCK TABLES;

--
-- Table structure for table `time`
--

DROP TABLE IF EXISTS `time`;
/*!40101 SET @saved_cs_client     = @@character_set_client */;
/*!40101 SET character_set_client = utf8 */;
CREATE TABLE `time` (
  `id` bigint(20) NOT NULL AUTO_INCREMENT,
  `max_time` int(11) NOT NULL,
  PRIMARY KEY (`id`)
) ENGINE=InnoDB AUTO_INCREMENT=5 DEFAULT CHARSET=utf8mb4;
/*!40101 SET character_set_client = @saved_cs_client */;

--
-- Dumping data for table `time`
--

LOCK TABLES `time` WRITE;
/*!40000 ALTER TABLE `time` DISABLE KEYS */;
INSERT INTO `time` VALUES (1,10),(2,30),(3,45),(4,60);
/*!40000 ALTER TABLE `time` ENABLE KEYS */;
UNLOCK TABLES;

--
-- Dumping routines for database 'cook'
--
/*!40103 SET TIME_ZONE=@OLD_TIME_ZONE */;

/*!40101 SET SQL_MODE=@OLD_SQL_MODE */;
/*!40014 SET FOREIGN_KEY_CHECKS=@OLD_FOREIGN_KEY_CHECKS */;
/*!40014 SET UNIQUE_CHECKS=@OLD_UNIQUE_CHECKS */;
/*!40101 SET CHARACTER_SET_CLIENT=@OLD_CHARACTER_SET_CLIENT */;
/*!40101 SET CHARACTER_SET_RESULTS=@OLD_CHARACTER_SET_RESULTS */;
/*!40101 SET COLLATION_CONNECTION=@OLD_COLLATION_CONNECTION */;
/*!40111 SET SQL_NOTES=@OLD_SQL_NOTES */;

-- Dump completed on 2021-08-19 17:39:02
